{
  "stream_1746050800196.mp4": {
    "model_name": "cow_line_count",
    "line_start": {
      "x": 0.4754768392370572,
      "y": 0.9909320088798584
    },
    "line_end": {
      "x": 0.8324250681198911,
      "y": 0.8440380780374006
    },
    "direction": "DOWN_RIGHT"
  },
  "stream_1746051160552.mp4": {
    "model_name": "cow_line_count",
    "line_start": {
      "x": 0.4591280653950954,
      "y": 0.9812996199721563
    },
    "line_end": {
      "x": 0.8365122615803815,
      "y": 0.831997591902773
    },
    "direction": "DOWN_RIGHT"
  },
  "stream_1746051301100.mp4": {
    "model_name": "cow_line_count",
    "line_start": {
      "x": 0.4332425068119891,
      "y": 0.9837077171990818
    },
    "line_end": {
      "x": 0.7779291553133515,
      "y": 0.863302855852805
    },
    "direction": "DOWN_RIGHT"
  },
  "stream_1746051484646.mp4": {
    "model_name": "cow_line_count",
    "line_start": {
      "x": 0.5163487738419619,
      "y": 0.9812996199721563
    },
    "line_end": {
      "x": 0.829700272479564,
      "y": 0.8849757308951348
    },
    "direction": "DOWN_RIGHT"
  },
  "stream_1746051853513.mp4": {
    "model_name": "cow_line_count",
    "line_start": {
      "x": 0.4564032697547684,
      "y": 0.9861158144260074
    },
    "line_end": {
      "x": 0.8392370572207084,
      "y": 0.8031004251796665
    },
    "direction": "DOWN_RIGHT"
  },
  "stream_1746052339485.mp4": {
    "model_name": "cow_line_count",
    "line_start": {
      "x": 0.4836512261580382,
      "y": 0.9981563005606351
    },
    "line_end": {
      "x": 0.8719346049046321,
      "y": 0.7525303834142303
    },
    "direction": "DOWN_RIGHT"
  },
  "stream_1746052676288.mp4": {
    "model_name": "cow_line_count",
    "line_start": {
      "x": 0.46594005449591286,
      "y": 0.9861158144260074
    },
    "line_end": {
      "x": 0.9414168937329701,
      "y": 0.8464461752643262
    },
    "direction": "DOWN_RIGHT"
  },
  "stream_1746053270921.mp4": {
    "model_name": "cow_line_count",
    "line_start": {
      "x": 0.45231607629427795,
      "y": 0.9596267449298265
    },
    "line_end": {
      "x": 0.8310626702997276,
      "y": 0.8295894946758474
    },
    "direction": "DOWN_RIGHT"
  },
  "stream_1746053885833.mp4": {
    "model_name": "cow_line_count",
    "line_start": {
      "x": 0.4538676607642125,
      "y": 0.9806185567010309
    },
    "line_end": {
      "x": 0.8508853681267474,
      "y": 0.8503092783505154
    },
    "direction": "DOWN_RIGHT"
  },
  "stream_1746058340437.mp4": {
    "model_name": "cow_line_count",
    "line_start": {
      "x": 0.4408201304753029,
      "y": 0.9822680412371133
    },
    "line_end": {
      "x": 0.81547064305685,
      "y": 0.8338144329896907
    },
    "direction": "DOWN_RIGHT"
  }
}