{
  "cattle_01.mp4": {
    "model_name": "cow_line_count",
    "line_start": {
      "x": 0.4610328638497653,
      "y": 0.9859782142996248
    },
    "line_end": {
      "x": 0.731455399061033,
      "y": 0.7848954208483181
    },
    "direction": "DOWN_RIGHT"
  }
}